date,Month,Houses,road_length,road_count,NTLsum,Populationsum,AQI,,,,,,,,,,,,,,
1,10,15032,350843.501,1608,1238,283844.8952,58.645,,,,,,,,,,,,,,
2,10,15032,350843.501,1608,1238,283844.8952,64.69,,,,,,,,,,,,,,
3,10,15032,350843.501,1608,1238,283844.8952,82.5,,,,,,,,,,,,,,
4,10,15032,350843.501,1608,1238,283844.8952,87.22,,,,,,,,,,,,,,
5,10,15032,350843.501,1608,1238,283844.8952,127.28,,,,,,,,,,,,,,
6,10,15032,350843.501,1608,1238,283844.8952,148.1,,,,,,,,,,,,,,
7,10,15032,350843.501,1608,1238,283844.8952,162.22,,,,,,,,,,,,,,
8,10,15032,350843.501,1608,1238,283844.8952,191.36,,,,,,,,,,,,,,
9,10,15032,350843.501,1608,1238,283844.8952,160.76,,,,,,,,,,,,,,
10,10,15032,350843.501,1608,1238,283844.8952,91.13,,,,,,,,,,,,,,
11,10,15032,350843.501,1608,1238,283844.8952,144.95,,,,,,,,,,,,,,
12,10,15032,350843.501,1608,1238,283844.8952,282.45,,,,,,,,,,,,,,
13,10,15032,350843.501,1608,1238,283844.8952,245.12,,,,,,,,,,,,,,
14,10,15032,350843.501,1608,1238,283844.8952,221.37,,,,,,,,,,,,,,
15,10,15032,350843.501,1608,1238,283844.8952,244.87,,,,,,,,,,,,,,
16,10,15032,350843.501,1608,1238,283844.8952,234.13,,,,,,,,,,,,,,
17,10,15032,350843.501,1608,1238,283844.8952,269.93,,,,,,,,,,,,,,
18,10,15032,350843.501,1608,1238,283844.8952,219.48,,,,,,,,,,,,,,
19,10,15032,350843.501,1608,1238,283844.8952,200.69,,,,,,,,,,,,,,
20,10,15032,350843.501,1608,1238,283844.8952,333.91,,,,,,,,,,,,,,
21,10,15032,350843.501,1608,1238,283844.8952,415.62,,,,,,,,,,,,,,
22,10,15032,350843.501,1608,1238,283844.8952,128.91,,,,,,,,,,,,,,
23,10,15032,350843.501,1608,1238,283844.8952,71.12,,,,,,,,,,,,,,
24,10,15032,350843.501,1608,1238,283844.8952,66.74,,,,,,,,,,,,,,
25,10,15032,350843.501,1608,1238,283844.8952,223.55,,,,,,,,,,,,,,
26,10,15032,350843.501,1608,1238,283844.8952,272,,,,,,,,,,,,,,
27,10,15032,350843.501,1608,1238,283844.8952,420.24,,,,,,,,,,,,,,
28,10,15032,350843.501,1608,1238,283844.8952,368.38,,,,,,,,,,,,,,
29,10,15032,350843.501,1608,1238,283844.8952,477.82,,,,,,,,,,,,,,
30,10,15032,350843.501,1608,1238,283844.8952,319.05,,,,,,,,,,,,,,
31,10,15032,350843.501,1608,1238,283844.8952,300.46,,,,,,,,,,,,,,
1,11,15032,350843.501,1608,1238,283844.8952,572.38,,,,,,,,,,,,,,
2,11,15032,350843.501,1608,1238,283844.8952,136.05,,,,,,,,,,,,,,
3,11,15032,350843.501,1608,1238,283844.8952,260.34,,,,,,,,,,,,,,
4,11,15032,350843.501,1608,1238,283844.8952,457.1,,,,,,,,,,,,,,
5,11,15032,350843.501,1608,1238,283844.8952,519.03,,,,,,,,,,,,,,
6,11,15032,350843.501,1608,1238,283844.8952,447.75,,,,,,,,,,,,,,
7,11,15032,350843.501,1608,1238,283844.8952,496.48,,,,,,,,,,,,,,
8,11,15032,350843.501,1608,1238,283844.8952,530.24,,,,,,,,,,,,,,
9,11,15032,350843.501,1608,1238,283844.8952,512.39,,,,,,,,,,,,,,
10,11,15032,350843.501,1608,1238,283844.8952,665.32,,,,,,,,,,,,,,
11,11,15032,350843.501,1608,1238,283844.8952,611.18,,,,,,,,,,,,,,
12,11,15032,350843.501,1608,1238,283844.8952,539.28,,,,,,,,,,,,,,
13,11,15032,350843.501,1608,1238,283844.8952,412.17,,,,,,,,,,,,,,
14,11,15032,350843.501,1608,1238,283844.8952,481.38,,,,,,,,,,,,,,
15,11,15032,350843.501,1608,1238,283844.8952,482.43,,,,,,,,,,,,,,
16,11,15032,350843.501,1608,1238,283844.8952,420.08,,,,,,,,,,,,,,
17,11,15032,350843.501,1608,1238,283844.8952,490.37,,,,,,,,,,,,,,
18,11,15032,350843.501,1608,1238,283844.8952,605.62,,,,,,,,,,,,,,
19,11,15032,350843.501,1608,1238,283844.8952,649.13,,,,,,,,,,,,,,
20,11,15032,350843.501,1608,1238,283844.8952,551.35,,,,,,,,,,,,,,
21,11,15032,350843.501,1608,1238,283844.8952,371.22,,,,,,,,,,,,,,
22,11,15032,350843.501,1608,1238,283844.8952,388.29,,,,,,,,,,,,,,
23,11,15032,350843.501,1608,1238,283844.8952,472.23,,,,,,,,,,,,,,
24,11,15032,350843.501,1608,1238,283844.8952,364.34,,,,,,,,,,,,,,
25,11,15032,350843.501,1608,1238,283844.8952,627.59,,,,,,,,,,,,,,
26,11,15032,350843.501,1608,1238,283844.8952,636.79,,,,,,,,,,,,,,
27,11,15032,350843.501,1608,1238,283844.8952,475.13,,,,,,,,,,,,,,
28,11,15032,350843.501,1608,1238,283844.8952,527.98,,,,,,,,,,,,,,
29,11,15032,350843.501,1608,1238,283844.8952,583.71,,,,,,,,,,,,,,
30,11,15032,350843.501,1608,1238,283844.8952,551.56,,,,,,,,,,,,,,
1,12,15032,350843.501,1608,1238,283844.8952,558.57,,,,,,,,,,,,,,
2,12,15032,350843.501,1608,1238,283844.8952,482.68,,,,,,,,,,,,,,
3,12,15032,350843.501,1608,1238,283844.8952,552.91,,,,,,,,,,,,,,
4,12,15032,350843.501,1608,1238,283844.8952,459.9,,,,,,,,,,,,,,
5,12,15032,350843.501,1608,1238,283844.8952,442.22,,,,,,,,,,,,,,
6,12,15032,350843.501,1608,1238,283844.8952,356.92,,,,,,,,,,,,,,
7,12,15032,350843.501,1608,1238,283844.8952,583.75,,,,,,,,,,,,,,
8,12,15032,350843.501,1608,1238,283844.8952,610.33,,,,,,,,,,,,,,
9,12,15032,350843.501,1608,1238,283844.8952,744.91,,,,,,,,,,,,,,
10,12,15032,350843.501,1608,1238,283844.8952,399.18,,,,,,,,,,,,,,
11,12,15032,350843.501,1608,1238,283844.8952,558.06,,,,,,,,,,,,,,
12,12,15032,350843.501,1608,1238,283844.8952,663.37,,,,,,,,,,,,,,
13,12,15032,350843.501,1608,1238,283844.8952,717.03,,,,,,,,,,,,,,
14,12,15032,350843.501,1608,1238,283844.8952,682.99,,,,,,,,,,,,,,
15,12,15032,350843.501,1608,1238,283844.8952,624.4,,,,,,,,,,,,,,
16,12,15032,350843.501,1608,1238,283844.8952,477.73,,,,,,,,,,,,,,
17,12,15032,350843.501,1608,1238,283844.8952,468.47,,,,,,,,,,,,,,
18,12,15032,350843.501,1608,1238,283844.8952,440.61,,,,,,,,,,,,,,
19,12,15032,350843.501,1608,1238,283844.8952,703.21,,,,,,,,,,,,,,
20,12,15032,350843.501,1608,1238,283844.8952,688.48,,,,,,,,,,,,,,
21,12,15032,350843.501,1608,1238,283844.8952,785.58,,,,,,,,,,,,,,
22,12,15032,350843.501,1608,1238,283844.8952,818.6,,,,,,,,,,,,,,
23,12,15032,350843.501,1608,1238,283844.8952,723.78,,,,,,,,,,,,,,
24,12,15032,350843.501,1608,1238,283844.8952,743.29,,,,,,,,,,,,,,
25,12,15032,350843.501,1608,1238,283844.8952,727.58,,,,,,,,,,,,,,
26,12,15032,350843.501,1608,1238,283844.8952,675.76,,,,,,,,,,,,,,
27,12,15032,350843.501,1608,1238,283844.8952,464.11,,,,,,,,,,,,,,
28,12,15032,350843.501,1608,1238,283844.8952,299.38,,,,,,,,,,,,,,
29,12,15032,350843.501,1608,1238,283844.8952,468,,,,,,,,,,,,,,
30,12,15032,350843.501,1608,1238,283844.8952,489.94,,,,,,,,,,,,,,
31,12,15032,350843.501,1608,1238,283844.8952,607.04,,,,,,,,,,,,,,
1,10,1492,374097.6201,2060,1191,241286.8163,166.07,,,,,,,,,,,,,,
2,10,1492,374097.6201,2060,1191,241286.8163,83.31,,,,,,,,,,,,,,
3,10,1492,374097.6201,2060,1191,241286.8163,92.18,,,,,,,,,,,,,,
4,10,1492,374097.6201,2060,1191,241286.8163,65.47,,,,,,,,,,,,,,
5,10,1492,374097.6201,2060,1191,241286.8163,107.25,,,,,,,,,,,,,,
6,10,1492,374097.6201,2060,1191,241286.8163,195.23,,,,,,,,,,,,,,
7,10,1492,374097.6201,2060,1191,241286.8163,182.3,,,,,,,,,,,,,,
8,10,1492,374097.6201,2060,1191,241286.8163,178.52,,,,,,,,,,,,,,
9,10,1492,374097.6201,2060,1191,241286.8163,187.37,,,,,,,,,,,,,,
10,10,1492,374097.6201,2060,1191,241286.8163,103.81,,,,,,,,,,,,,,
11,10,1492,374097.6201,2060,1191,241286.8163,126.53,,,,,,,,,,,,,,
12,10,1492,374097.6201,2060,1191,241286.8163,241.05,,,,,,,,,,,,,,
13,10,1492,374097.6201,2060,1191,241286.8163,250.19,,,,,,,,,,,,,,
14,10,1492,374097.6201,2060,1191,241286.8163,294.85,,,,,,,,,,,,,,
15,10,1492,374097.6201,2060,1191,241286.8163,272.88,,,,,,,,,,,,,,
16,10,1492,374097.6201,2060,1191,241286.8163,281.04,,,,,,,,,,,,,,
17,10,1492,374097.6201,2060,1191,241286.8163,363.48,,,,,,,,,,,,,,
18,10,1492,374097.6201,2060,1191,241286.8163,273.45,,,,,,,,,,,,,,
19,10,1492,374097.6201,2060,1191,241286.8163,209.9,,,,,,,,,,,,,,
20,10,1492,374097.6201,2060,1191,241286.8163,272.86,,,,,,,,,,,,,,
21,10,1492,374097.6201,2060,1191,241286.8163,331.65,,,,,,,,,,,,,,
22,10,1492,374097.6201,2060,1191,241286.8163,213.42,,,,,,,,,,,,,,
23,10,1492,374097.6201,2060,1191,241286.8163,82.99,,,,,,,,,,,,,,
24,10,1492,374097.6201,2060,1191,241286.8163,87.01,,,,,,,,,,,,,,
25,10,1492,374097.6201,2060,1191,241286.8163,208.54,,,,,,,,,,,,,,
26,10,1492,374097.6201,2060,1191,241286.8163,313.96,,,,,,,,,,,,,,
27,10,1492,374097.6201,2060,1191,241286.8163,419.46,,,,,,,,,,,,,,
28,10,1492,374097.6201,2060,1191,241286.8163,457.32,,,,,,,,,,,,,,
29,10,1492,374097.6201,2060,1191,241286.8163,461.81,,,,,,,,,,,,,,
30,10,1492,374097.6201,2060,1191,241286.8163,290.99,,,,,,,,,,,,,,
31,10,1492,374097.6201,2060,1191,241286.8163,348.47,,,,,,,,,,,,,,
1,11,1492,374097.6201,2060,1191,241286.8163,604.5,,,,,,,,,,,,,,
2,11,1492,374097.6201,2060,1191,241286.8163,128.48,,,,,,,,,,,,,,
3,11,1492,374097.6201,2060,1191,241286.8163,317.11,,,,,,,,,,,,,,
4,11,1492,374097.6201,2060,1191,241286.8163,420.57,,,,,,,,,,,,,,
5,11,1492,374097.6201,2060,1191,241286.8163,477.8,,,,,,,,,,,,,,
6,11,1492,374097.6201,2060,1191,241286.8163,422.92,,,,,,,,,,,,,,
7,11,1492,374097.6201,2060,1191,241286.8163,467.85,,,,,,,,,,,,,,
8,11,1492,374097.6201,2060,1191,241286.8163,500.13,,,,,,,,,,,,,,
9,11,1492,374097.6201,2060,1191,241286.8163,468.29,,,,,,,,,,,,,,
10,11,1492,374097.6201,2060,1191,241286.8163,586.43,,,,,,,,,,,,,,
11,11,1492,374097.6201,2060,1191,241286.8163,620.61,,,,,,,,,,,,,,
12,11,1492,374097.6201,2060,1191,241286.8163,569.2,,,,,,,,,,,,,,
13,11,1492,374097.6201,2060,1191,241286.8163,457.08,,,,,,,,,,,,,,
14,11,1492,374097.6201,2060,1191,241286.8163,460.09,,,,,,,,,,,,,,
15,11,1492,374097.6201,2060,1191,241286.8163,530.57,,,,,,,,,,,,,,
16,11,1492,374097.6201,2060,1191,241286.8163,522.08,,,,,,,,,,,,,,
17,11,1492,374097.6201,2060,1191,241286.8163,561.82,,,,,,,,,,,,,,
18,11,1492,374097.6201,2060,1191,241286.8163,641.41,,,,,,,,,,,,,,
19,11,1492,374097.6201,2060,1191,241286.8163,727.57,,,,,,,,,,,,,,
20,11,1492,374097.6201,2060,1191,241286.8163,606.3,,,,,,,,,,,,,,
21,11,1492,374097.6201,2060,1191,241286.8163,349.98,,,,,,,,,,,,,,
22,11,1492,374097.6201,2060,1191,241286.8163,321.63,,,,,,,,,,,,,,
23,11,1492,374097.6201,2060,1191,241286.8163,388.66,,,,,,,,,,,,,,
24,11,1492,374097.6201,2060,1191,241286.8163,373.68,,,,,,,,,,,,,,
25,11,1492,374097.6201,2060,1191,241286.8163,494.44,,,,,,,,,,,,,,
26,11,1492,374097.6201,2060,1191,241286.8163,564.37,,,,,,,,,,,,,,
27,11,1492,374097.6201,2060,1191,241286.8163,443.92,,,,,,,,,,,,,,
28,11,1492,374097.6201,2060,1191,241286.8163,535.31,,,,,,,,,,,,,,
29,11,1492,374097.6201,2060,1191,241286.8163,501.25,,,,,,,,,,,,,,
30,11,1492,374097.6201,2060,1191,241286.8163,462.3,,,,,,,,,,,,,,
1,12,1492,374097.6201,2060,1191,241286.8163,458.05,,,,,,,,,,,,,,
2,12,1492,374097.6201,2060,1191,241286.8163,480.82,,,,,,,,,,,,,,
3,12,1492,374097.6201,2060,1191,241286.8163,531.53,,,,,,,,,,,,,,
4,12,1492,374097.6201,2060,1191,241286.8163,501.64,,,,,,,,,,,,,,
5,12,1492,374097.6201,2060,1191,241286.8163,390.84,,,,,,,,,,,,,,
6,12,1492,374097.6201,2060,1191,241286.8163,440.42,,,,,,,,,,,,,,
7,12,1492,374097.6201,2060,1191,241286.8163,336.4,,,,,,,,,,,,,,
8,12,1492,374097.6201,2060,1191,241286.8163,397.62,,,,,,,,,,,,,,
9,12,1492,374097.6201,2060,1191,241286.8163,600.96,,,,,,,,,,,,,,
10,12,1492,374097.6201,2060,1191,241286.8163,408.35,,,,,,,,,,,,,,
11,12,1492,374097.6201,2060,1191,241286.8163,556.73,,,,,,,,,,,,,,
12,12,1492,374097.6201,2060,1191,241286.8163,451.86,,,,,,,,,,,,,,
13,12,1492,374097.6201,2060,1191,241286.8163,552.41,,,,,,,,,,,,,,
14,12,1492,374097.6201,2060,1191,241286.8163,552.12,,,,,,,,,,,,,,
15,12,1492,374097.6201,2060,1191,241286.8163,667.26,,,,,,,,,,,,,,
16,12,1492,374097.6201,2060,1191,241286.8163,536.09,,,,,,,,,,,,,,
17,12,1492,374097.6201,2060,1191,241286.8163,437.82,,,,,,,,,,,,,,
18,12,1492,374097.6201,2060,1191,241286.8163,402.88,,,,,,,,,,,,,,
19,12,1492,374097.6201,2060,1191,241286.8163,547.96,,,,,,,,,,,,,,
20,12,1492,374097.6201,2060,1191,241286.8163,519.3,,,,,,,,,,,,,,
21,12,1492,374097.6201,2060,1191,241286.8163,568.25,,,,,,,,,,,,,,
22,12,1492,374097.6201,2060,1191,241286.8163,566.94,,,,,,,,,,,,,,
23,12,1492,374097.6201,2060,1191,241286.8163,508.62,,,,,,,,,,,,,,
24,12,1492,374097.6201,2060,1191,241286.8163,539.31,,,,,,,,,,,,,,
25,12,1492,374097.6201,2060,1191,241286.8163,612.89,,,,,,,,,,,,,,
26,12,1492,374097.6201,2060,1191,241286.8163,488.72,,,,,,,,,,,,,,
27,12,1492,374097.6201,2060,1191,241286.8163,421.6,,,,,,,,,,,,,,
28,12,1492,374097.6201,2060,1191,241286.8163,349.58,,,,,,,,,,,,,,
29,12,1492,374097.6201,2060,1191,241286.8163,355.55,,,,,,,,,,,,,,
30,12,1492,374097.6201,2060,1191,241286.8163,384.6,,,,,,,,,,,,,,
31,12,1492,374097.6201,2060,1191,241286.8163,514.25,,,,,,,,,,,,,,
1,10,28690,447972.9034,2157,1548,301255.7753,156.56,,,,,,,,,,,,,,
2,10,28690,447972.9034,2157,1548,301255.7753,73.53,,,,,,,,,,,,,,
3,10,28690,447972.9034,2157,1548,301255.7753,87.22,,,,,,,,,,,,,,
4,10,28690,447972.9034,2157,1548,301255.7753,66.64,,,,,,,,,,,,,,
5,10,28690,447972.9034,2157,1548,301255.7753,91.22,,,,,,,,,,,,,,
6,10,28690,447972.9034,2157,1548,301255.7753,143.36,,,,,,,,,,,,,,
7,10,28690,447972.9034,2157,1548,301255.7753,155.89,,,,,,,,,,,,,,
8,10,28690,447972.9034,2157,1548,301255.7753,161.43,,,,,,,,,,,,,,
9,10,28690,447972.9034,2157,1548,301255.7753,151.5,,,,,,,,,,,,,,
10,10,28690,447972.9034,2157,1548,301255.7753,89.89,,,,,,,,,,,,,,
11,10,28690,447972.9034,2157,1548,301255.7753,129.81,,,,,,,,,,,,,,
12,10,28690,447972.9034,2157,1548,301255.7753,221.42,,,,,,,,,,,,,,
13,10,28690,447972.9034,2157,1548,301255.7753,194.64,,,,,,,,,,,,,,
14,10,28690,447972.9034,2157,1548,301255.7753,228.39,,,,,,,,,,,,,,
15,10,28690,447972.9034,2157,1548,301255.7753,203.53,,,,,,,,,,,,,,
16,10,28690,447972.9034,2157,1548,301255.7753,213.86,,,,,,,,,,,,,,
17,10,28690,447972.9034,2157,1548,301255.7753,238.01,,,,,,,,,,,,,,
18,10,28690,447972.9034,2157,1548,301255.7753,183.35,,,,,,,,,,,,,,
19,10,28690,447972.9034,2157,1548,301255.7753,190.44,,,,,,,,,,,,,,
20,10,28690,447972.9034,2157,1548,301255.7753,247.23,,,,,,,,,,,,,,
21,10,28690,447972.9034,2157,1548,301255.7753,282.98,,,,,,,,,,,,,,
22,10,28690,447972.9034,2157,1548,301255.7753,143.49,,,,,,,,,,,,,,
23,10,28690,447972.9034,2157,1548,301255.7753,68.79,,,,,,,,,,,,,,
24,10,28690,447972.9034,2157,1548,301255.7753,55.97,,,,,,,,,,,,,,
25,10,28690,447972.9034,2157,1548,301255.7753,155.62,,,,,,,,,,,,,,
26,10,28690,447972.9034,2157,1548,301255.7753,199.95,,,,,,,,,,,,,,
27,10,28690,447972.9034,2157,1548,301255.7753,286.68,,,,,,,,,,,,,,
28,10,28690,447972.9034,2157,1548,301255.7753,273.89,,,,,,,,,,,,,,
29,10,28690,447972.9034,2157,1548,301255.7753,339.28,,,,,,,,,,,,,,
30,10,28690,447972.9034,2157,1548,301255.7753,244.77,,,,,,,,,,,,,,
31,10,28690,447972.9034,2157,1548,301255.7753,289.63,,,,,,,,,,,,,,
1,11,28690,447972.9034,2157,1548,301255.7753,464.6,,,,,,,,,,,,,,
2,11,28690,447972.9034,2157,1548,301255.7753,96.89,,,,,,,,,,,,,,
3,11,28690,447972.9034,2157,1548,301255.7753,180.72,,,,,,,,,,,,,,
4,11,28690,447972.9034,2157,1548,301255.7753,331.83,,,,,,,,,,,,,,
5,11,28690,447972.9034,2157,1548,301255.7753,373.98,,,,,,,,,,,,,,
6,11,28690,447972.9034,2157,1548,301255.7753,320.08,,,,,,,,,,,,,,
7,11,28690,447972.9034,2157,1548,301255.7753,467.77,,,,,,,,,,,,,,
8,11,28690,447972.9034,2157,1548,301255.7753,368.64,,,,,,,,,,,,,,
9,11,28690,447972.9034,2157,1548,301255.7753,398.72,,,,,,,,,,,,,,
10,11,28690,447972.9034,2157,1548,301255.7753,489.01,,,,,,,,,,,,,,
11,11,28690,447972.9034,2157,1548,301255.7753,458.28,,,,,,,,,,,,,,
12,11,28690,447972.9034,2157,1548,301255.7753,404.61,,,,,,,,,,,,,,
13,11,28690,447972.9034,2157,1548,301255.7753,310.22,,,,,,,,,,,,,,
14,11,28690,447972.9034,2157,1548,301255.7753,346.54,,,,,,,,,,,,,,
15,11,28690,447972.9034,2157,1548,301255.7753,425.6,,,,,,,,,,,,,,
16,11,28690,447972.9034,2157,1548,301255.7753,351.28,,,,,,,,,,,,,,
17,11,28690,447972.9034,2157,1548,301255.7753,399.57,,,,,,,,,,,,,,
18,11,28690,447972.9034,2157,1548,301255.7753,492.22,,,,,,,,,,,,,,
19,11,28690,447972.9034,2157,1548,301255.7753,494.4,,,,,,,,,,,,,,
20,11,28690,447972.9034,2157,1548,301255.7753,500.09,,,,,,,,,,,,,,
21,11,28690,447972.9034,2157,1548,301255.7753,389.93,,,,,,,,,,,,,,
22,11,28690,447972.9034,2157,1548,301255.7753,352.96,,,,,,,,,,,,,,
23,11,28690,447972.9034,2157,1548,301255.7753,397.66,,,,,,,,,,,,,,
24,11,28690,447972.9034,2157,1548,301255.7753,329.63,,,,,,,,,,,,,,
25,11,28690,447972.9034,2157,1548,301255.7753,494.01,,,,,,,,,,,,,,
26,11,28690,447972.9034,2157,1548,301255.7753,523.79,,,,,,,,,,,,,,
27,11,28690,447972.9034,2157,1548,301255.7753,414.21,,,,,,,,,,,,,,
28,11,28690,447972.9034,2157,1548,301255.7753,500.83,,,,,,,,,,,,,,
29,11,28690,447972.9034,2157,1548,301255.7753,484.22,,,,,,,,,,,,,,
30,11,28690,447972.9034,2157,1548,301255.7753,451.53,,,,,,,,,,,,,,
1,12,28690,447972.9034,2157,1548,301255.7753,463.28,,,,,,,,,,,,,,
2,12,28690,447972.9034,2157,1548,301255.7753,403.96,,,,,,,,,,,,,,
3,12,28690,447972.9034,2157,1548,301255.7753,468.62,,,,,,,,,,,,,,
4,12,28690,447972.9034,2157,1548,301255.7753,420.18,,,,,,,,,,,,,,
5,12,28690,447972.9034,2157,1548,301255.7753,377.42,,,,,,,,,,,,,,
6,12,28690,447972.9034,2157,1548,301255.7753,302.98,,,,,,,,,,,,,,
7,12,28690,447972.9034,2157,1548,301255.7753,298.06,,,,,,,,,,,,,,
8,12,28690,447972.9034,2157,1548,301255.7753,346.18,,,,,,,,,,,,,,
9,12,28690,447972.9034,2157,1548,301255.7753,568.11,,,,,,,,,,,,,,
10,12,28690,447972.9034,2157,1548,301255.7753,388.35,,,,,,,,,,,,,,
11,12,28690,447972.9034,2157,1548,301255.7753,444.33,,,,,,,,,,,,,,
12,12,28690,447972.9034,2157,1548,301255.7753,452.97,,,,,,,,,,,,,,
13,12,28690,447972.9034,2157,1548,301255.7753,498.96,,,,,,,,,,,,,,
14,12,28690,447972.9034,2157,1548,301255.7753,499.46,,,,,,,,,,,,,,
15,12,28690,447972.9034,2157,1548,301255.7753,503.73,,,,,,,,,,,,,,
16,12,28690,447972.9034,2157,1548,301255.7753,467.02,,,,,,,,,,,,,,
17,12,28690,447972.9034,2157,1548,301255.7753,367.96,,,,,,,,,,,,,,
18,12,28690,447972.9034,2157,1548,301255.7753,356.61,,,,,,,,,,,,,,
19,12,28690,447972.9034,2157,1548,301255.7753,533.41,,,,,,,,,,,,,,
20,12,28690,447972.9034,2157,1548,301255.7753,460.37,,,,,,,,,,,,,,
21,12,28690,447972.9034,2157,1548,301255.7753,510.53,,,,,,,,,,,,,,
22,12,28690,447972.9034,2157,1548,301255.7753,573.78,,,,,,,,,,,,,,
23,12,28690,447972.9034,2157,1548,301255.7753,574.92,,,,,,,,,,,,,,
24,12,28690,447972.9034,2157,1548,301255.7753,578.48,,,,,,,,,,,,,,
25,12,28690,447972.9034,2157,1548,301255.7753,613.16,,,,,,,,,,,,,,
26,12,28690,447972.9034,2157,1548,301255.7753,528.47,,,,,,,,,,,,,,
27,12,28690,447972.9034,2157,1548,301255.7753,425.85,,,,,,,,,,,,,,
28,12,28690,447972.9034,2157,1548,301255.7753,269.83,,,,,,,,,,,,,,
29,12,28690,447972.9034,2157,1548,301255.7753,406.7,,,,,,,,,,,,,,
30,12,28690,447972.9034,2157,1548,301255.7753,522.89,,,,,,,,,,,,,,
31,12,28690,447972.9034,2157,1548,301255.7753,560.85,,,,,,,,,,,,,,
1,10,10616,313793.6012,1702,1488,238060.3797,185.42,,,,,,,,,,,,,,
2,10,10616,313793.6012,1702,1488,238060.3797,65.74,,,,,,,,,,,,,,
3,10,10616,313793.6012,1702,1488,238060.3797,81.26,,,,,,,,,,,,,,
4,10,10616,313793.6012,1702,1488,238060.3797,90.04,,,,,,,,,,,,,,
5,10,10616,313793.6012,1702,1488,238060.3797,121.71,,,,,,,,,,,,,,
6,10,10616,313793.6012,1702,1488,238060.3797,155.4,,,,,,,,,,,,,,
7,10,10616,313793.6012,1702,1488,238060.3797,149.33,,,,,,,,,,,,,,
8,10,10616,313793.6012,1702,1488,238060.3797,170.74,,,,,,,,,,,,,,
9,10,10616,313793.6012,1702,1488,238060.3797,167.27,,,,,,,,,,,,,,
10,10,10616,313793.6012,1702,1488,238060.3797,91.98,,,,,,,,,,,,,,
11,10,10616,313793.6012,1702,1488,238060.3797,128.35,,,,,,,,,,,,,,
12,10,10616,313793.6012,1702,1488,238060.3797,245.55,,,,,,,,,,,,,,
13,10,10616,313793.6012,1702,1488,238060.3797,207.18,,,,,,,,,,,,,,
14,10,10616,313793.6012,1702,1488,238060.3797,186.61,,,,,,,,,,,,,,
15,10,10616,313793.6012,1702,1488,238060.3797,212.16,,,,,,,,,,,,,,
16,10,10616,313793.6012,1702,1488,238060.3797,229.57,,,,,,,,,,,,,,
17,10,10616,313793.6012,1702,1488,238060.3797,270.73,,,,,,,,,,,,,,
18,10,10616,313793.6012,1702,1488,238060.3797,188.06,,,,,,,,,,,,,,
19,10,10616,313793.6012,1702,1488,238060.3797,212.38,,,,,,,,,,,,,,
20,10,10616,313793.6012,1702,1488,238060.3797,250.37,,,,,,,,,,,,,,
21,10,10616,313793.6012,1702,1488,238060.3797,304.1,,,,,,,,,,,,,,
22,10,10616,313793.6012,1702,1488,238060.3797,150.51,,,,,,,,,,,,,,
23,10,10616,313793.6012,1702,1488,238060.3797,69.52,,,,,,,,,,,,,,
24,10,10616,313793.6012,1702,1488,238060.3797,58.74,,,,,,,,,,,,,,
25,10,10616,313793.6012,1702,1488,238060.3797,181.82,,,,,,,,,,,,,,
26,10,10616,313793.6012,1702,1488,238060.3797,218.09,,,,,,,,,,,,,,
27,10,10616,313793.6012,1702,1488,238060.3797,357.03,,,,,,,,,,,,,,
28,10,10616,313793.6012,1702,1488,238060.3797,303.74,,,,,,,,,,,,,,
29,10,10616,313793.6012,1702,1488,238060.3797,382.27,,,,,,,,,,,,,,
30,10,10616,313793.6012,1702,1488,238060.3797,300.02,,,,,,,,,,,,,,
31,10,10616,313793.6012,1702,1488,238060.3797,290.34,,,,,,,,,,,,,,
1,11,10616,313793.6012,1702,1488,238060.3797,555.94,,,,,,,,,,,,,,
2,11,10616,313793.6012,1702,1488,238060.3797,106.16,,,,,,,,,,,,,,
3,11,10616,313793.6012,1702,1488,238060.3797,206.68,,,,,,,,,,,,,,
4,11,10616,313793.6012,1702,1488,238060.3797,372.8,,,,,,,,,,,,,,
5,11,10616,313793.6012,1702,1488,238060.3797,453.57,,,,,,,,,,,,,,
6,11,10616,313793.6012,1702,1488,238060.3797,390.75,,,,,,,,,,,,,,
7,11,10616,313793.6012,1702,1488,238060.3797,441.31,,,,,,,,,,,,,,
8,11,10616,313793.6012,1702,1488,238060.3797,458.71,,,,,,,,,,,,,,
9,11,10616,313793.6012,1702,1488,238060.3797,452.18,,,,,,,,,,,,,,
10,11,10616,313793.6012,1702,1488,238060.3797,574.92,,,,,,,,,,,,,,
11,11,10616,313793.6012,1702,1488,238060.3797,593.05,,,,,,,,,,,,,,
12,11,10616,313793.6012,1702,1488,238060.3797,459.87,,,,,,,,,,,,,,
13,11,10616,313793.6012,1702,1488,238060.3797,375.39,,,,,,,,,,,,,,
14,11,10616,313793.6012,1702,1488,238060.3797,415.72,,,,,,,,,,,,,,
15,11,10616,313793.6012,1702,1488,238060.3797,483.38,,,,,,,,,,,,,,
16,11,10616,313793.6012,1702,1488,238060.3797,373.86,,,,,,,,,,,,,,
17,11,10616,313793.6012,1702,1488,238060.3797,452.12,,,,,,,,,,,,,,
18,11,10616,313793.6012,1702,1488,238060.3797,571.38,,,,,,,,,,,,,,
19,11,10616,313793.6012,1702,1488,238060.3797,600.2,,,,,,,,,,,,,,
20,11,10616,313793.6012,1702,1488,238060.3797,576.99,,,,,,,,,,,,,,
21,11,10616,313793.6012,1702,1488,238060.3797,399.96,,,,,,,,,,,,,,
22,11,10616,313793.6012,1702,1488,238060.3797,366.48,,,,,,,,,,,,,,
23,11,10616,313793.6012,1702,1488,238060.3797,424.8,,,,,,,,,,,,,,
24,11,10616,313793.6012,1702,1488,238060.3797,357.82,,,,,,,,,,,,,,
25,11,10616,313793.6012,1702,1488,238060.3797,534.7,,,,,,,,,,,,,,
26,11,10616,313793.6012,1702,1488,238060.3797,581.04,,,,,,,,,,,,,,
27,11,10616,313793.6012,1702,1488,238060.3797,436.15,,,,,,,,,,,,,,
28,11,10616,313793.6012,1702,1488,238060.3797,523.38,,,,,,,,,,,,,,
29,11,10616,313793.6012,1702,1488,238060.3797,545.31,,,,,,,,,,,,,,
30,11,10616,313793.6012,1702,1488,238060.3797,508.8,,,,,,,,,,,,,,
1,12,10616,313793.6012,1702,1488,238060.3797,484.83,,,,,,,,,,,,,,
2,12,10616,313793.6012,1702,1488,238060.3797,460.69,,,,,,,,,,,,,,
3,12,10616,313793.6012,1702,1488,238060.3797,480.99,,,,,,,,,,,,,,
4,12,10616,313793.6012,1702,1488,238060.3797,456.59,,,,,,,,,,,,,,
5,12,10616,313793.6012,1702,1488,238060.3797,485.23,,,,,,,,,,,,,,
6,12,10616,313793.6012,1702,1488,238060.3797,358.86,,,,,,,,,,,,,,
7,12,10616,313793.6012,1702,1488,238060.3797,327.26,,,,,,,,,,,,,,
8,12,10616,313793.6012,1702,1488,238060.3797,371.14,,,,,,,,,,,,,,
9,12,10616,313793.6012,1702,1488,238060.3797,580.06,,,,,,,,,,,,,,
10,12,10616,313793.6012,1702,1488,238060.3797,456.17,,,,,,,,,,,,,,
11,12,10616,313793.6012,1702,1488,238060.3797,474.63,,,,,,,,,,,,,,
12,12,10616,313793.6012,1702,1488,238060.3797,516.97,,,,,,,,,,,,,,
13,12,10616,313793.6012,1702,1488,238060.3797,574.02,,,,,,,,,,,,,,
14,12,10616,313793.6012,1702,1488,238060.3797,614.61,,,,,,,,,,,,,,
15,12,10616,313793.6012,1702,1488,238060.3797,680.28,,,,,,,,,,,,,,
16,12,10616,313793.6012,1702,1488,238060.3797,578.1,,,,,,,,,,,,,,
17,12,10616,313793.6012,1702,1488,238060.3797,433.03,,,,,,,,,,,,,,
18,12,10616,313793.6012,1702,1488,238060.3797,399.92,,,,,,,,,,,,,,
19,12,10616,313793.6012,1702,1488,238060.3797,547.59,,,,,,,,,,,,,,
20,12,10616,313793.6012,1702,1488,238060.3797,534.76,,,,,,,,,,,,,,
21,12,10616,313793.6012,1702,1488,238060.3797,596.38,,,,,,,,,,,,,,
22,12,10616,313793.6012,1702,1488,238060.3797,684.88,,,,,,,,,,,,,,
23,12,10616,313793.6012,1702,1488,238060.3797,630.96,,,,,,,,,,,,,,
24,12,10616,313793.6012,1702,1488,238060.3797,675.21,,,,,,,,,,,,,,
25,12,10616,313793.6012,1702,1488,238060.3797,687.04,,,,,,,,,,,,,,
26,12,10616,313793.6012,1702,1488,238060.3797,672.11,,,,,,,,,,,,,,
27,12,10616,313793.6012,1702,1488,238060.3797,468.3,,,,,,,,,,,,,,
28,12,10616,313793.6012,1702,1488,238060.3797,282.17,,,,,,,,,,,,,,
29,12,10616,313793.6012,1702,1488,238060.3797,447.8,,,,,,,,,,,,,,
30,12,10616,313793.6012,1702,1488,238060.3797,477.9,,,,,,,,,,,,,,
31,12,10616,313793.6012,1702,1488,238060.3797,593.97,,,,,,,,,,,,,,
1,10,25231,324352.8381,1554,1471,203142.6281,169.54,,,,,,,,,,,,,,
2,10,25231,324352.8381,1554,1471,203142.6281,74.4553,,,,,,,,,,,,,,
3,10,25231,324352.8381,1554,1471,203142.6281,84.23,,,,,,,,,,,,,,
4,10,25231,324352.8381,1554,1471,203142.6281,77.34,,,,,,,,,,,,,,
5,10,25231,324352.8381,1554,1471,203142.6281,106.43,,,,,,,,,,,,,,
6,10,25231,324352.8381,1554,1471,203142.6281,151.61,,,,,,,,,,,,,,
7,10,25231,324352.8381,1554,1471,203142.6281,162.43,,,,,,,,,,,,,,
8,10,25231,324352.8381,1554,1471,203142.6281,166.23,,,,,,,,,,,,,,
9,10,25231,324352.8381,1554,1471,203142.6281,159.45,,,,,,,,,,,,,,
10,10,25231,324352.8381,1554,1471,203142.6281,90.25,,,,,,,,,,,,,,
11,10,25231,324352.8381,1554,1471,203142.6281,220.36,,,,,,,,,,,,,,
12,10,25231,324352.8381,1554,1471,203142.6281,263.13,,,,,,,,,,,,,,
13,10,25231,324352.8381,1554,1471,203142.6281,224.34,,,,,,,,,,,,,,
14,10,25231,324352.8381,1554,1471,203142.6281,200.79,,,,,,,,,,,,,,
15,10,25231,324352.8381,1554,1471,203142.6281,213.17,,,,,,,,,,,,,,
16,10,25231,324352.8381,1554,1471,203142.6281,233.33,,,,,,,,,,,,,,
17,10,25231,324352.8381,1554,1471,203142.6281,266.86,,,,,,,,,,,,,,
18,10,25231,324352.8381,1554,1471,203142.6281,204.16,,,,,,,,,,,,,,
19,10,25231,324352.8381,1554,1471,203142.6281,201.88,,,,,,,,,,,,,,
20,10,25231,324352.8381,1554,1471,203142.6281,263.09,,,,,,,,,,,,,,
21,10,25231,324352.8381,1554,1471,203142.6281,295.67,,,,,,,,,,,,,,
22,10,25231,324352.8381,1554,1471,203142.6281,166.15,,,,,,,,,,,,,,
23,10,25231,324352.8381,1554,1471,203142.6281,82.22,,,,,,,,,,,,,,
24,10,25231,324352.8381,1554,1471,203142.6281,70,,,,,,,,,,,,,,
25,10,25231,324352.8381,1554,1471,203142.6281,44.78,,,,,,,,,,,,,,
26,10,25231,324352.8381,1554,1471,203142.6281,303.43,,,,,,,,,,,,,,
27,10,25231,324352.8381,1554,1471,203142.6281,319.25,,,,,,,,,,,,,,
28,10,25231,324352.8381,1554,1471,203142.6281,297.08,,,,,,,,,,,,,,
29,10,25231,324352.8381,1554,1471,203142.6281,343.67,,,,,,,,,,,,,,
30,10,25231,324352.8381,1554,1471,203142.6281,270.56,,,,,,,,,,,,,,
31,10,25231,324352.8381,1554,1471,203142.6281,329.6,,,,,,,,,,,,,,
1,11,25231,324352.8381,1554,1471,203142.6281,569.76,,,,,,,,,,,,,,
2,11,25231,324352.8381,1554,1471,203142.6281,111.68,,,,,,,,,,,,,,
3,11,25231,324352.8381,1554,1471,203142.6281,200.3,,,,,,,,,,,,,,
4,11,25231,324352.8381,1554,1471,203142.6281,362.52,,,,,,,,,,,,,,
5,11,25231,324352.8381,1554,1471,203142.6281,457.77,,,,,,,,,,,,,,
6,11,25231,324352.8381,1554,1471,203142.6281,382.46,,,,,,,,,,,,,,
7,11,25231,324352.8381,1554,1471,203142.6281,564.15,,,,,,,,,,,,,,
8,11,25231,324352.8381,1554,1471,203142.6281,428.72,,,,,,,,,,,,,,
9,11,25231,324352.8381,1554,1471,203142.6281,463.73,,,,,,,,,,,,,,
10,11,25231,324352.8381,1554,1471,203142.6281,601.27,,,,,,,,,,,,,,
11,11,25231,324352.8381,1554,1471,203142.6281,551.48,,,,,,,,,,,,,,
12,11,25231,324352.8381,1554,1471,203142.6281,463.73,,,,,,,,,,,,,,
13,11,25231,324352.8381,1554,1471,203142.6281,371.54,,,,,,,,,,,,,,
14,11,25231,324352.8381,1554,1471,203142.6281,418.86,,,,,,,,,,,,,,
15,11,25231,324352.8381,1554,1471,203142.6281,496.9,,,,,,,,,,,,,,
16,11,25231,324352.8381,1554,1471,203142.6281,401.18,,,,,,,,,,,,,,
17,11,25231,324352.8381,1554,1471,203142.6281,487.96,,,,,,,,,,,,,,
18,11,25231,324352.8381,1554,1471,203142.6281,579.83,,,,,,,,,,,,,,
19,11,25231,324352.8381,1554,1471,203142.6281,593.15,,,,,,,,,,,,,,
20,11,25231,324352.8381,1554,1471,203142.6281,575.66,,,,,,,,,,,,,,
21,11,25231,324352.8381,1554,1471,203142.6281,391.36,,,,,,,,,,,,,,
22,11,25231,324352.8381,1554,1471,203142.6281,344.08,,,,,,,,,,,,,,
23,11,25231,324352.8381,1554,1471,203142.6281,492.87,,,,,,,,,,,,,,
24,11,25231,324352.8381,1554,1471,203142.6281,387.68,,,,,,,,,,,,,,
25,11,25231,324352.8381,1554,1471,203142.6281,571.6,,,,,,,,,,,,,,
26,11,25231,324352.8381,1554,1471,203142.6281,598.23,,,,,,,,,,,,,,
27,11,25231,324352.8381,1554,1471,203142.6281,462.66,,,,,,,,,,,,,,
28,11,25231,324352.8381,1554,1471,203142.6281,553.1,,,,,,,,,,,,,,
29,11,25231,324352.8381,1554,1471,203142.6281,551.85,,,,,,,,,,,,,,
30,11,25231,324352.8381,1554,1471,203142.6281,509.2,,,,,,,,,,,,,,
1,12,25231,324352.8381,1554,1471,203142.6281,570.63,,,,,,,,,,,,,,
2,12,25231,324352.8381,1554,1471,203142.6281,479.02,,,,,,,,,,,,,,
3,12,25231,324352.8381,1554,1471,203142.6281,529.69,,,,,,,,,,,,,,
4,12,25231,324352.8381,1554,1471,203142.6281,500,,,,,,,,,,,,,,
5,12,25231,324352.8381,1554,1471,203142.6281,488.6,,,,,,,,,,,,,,
6,12,25231,324352.8381,1554,1471,203142.6281,372.96,,,,,,,,,,,,,,
7,12,25231,324352.8381,1554,1471,203142.6281,349.19,,,,,,,,,,,,,,
8,12,25231,324352.8381,1554,1471,203142.6281,480.19,,,,,,,,,,,,,,
9,12,25231,324352.8381,1554,1471,203142.6281,460,,,,,,,,,,,,,,
10,12,25231,324352.8381,1554,1471,203142.6281,426.53,,,,,,,,,,,,,,
11,12,25231,324352.8381,1554,1471,203142.6281,523.87,,,,,,,,,,,,,,
12,12,25231,324352.8381,1554,1471,203142.6281,578.09,,,,,,,,,,,,,,
13,12,25231,324352.8381,1554,1471,203142.6281,603.37,,,,,,,,,,,,,,
14,12,25231,324352.8381,1554,1471,203142.6281,672.76,,,,,,,,,,,,,,
15,12,25231,324352.8381,1554,1471,203142.6281,672.4,,,,,,,,,,,,,,
16,12,25231,324352.8381,1554,1471,203142.6281,681.07,,,,,,,,,,,,,,
17,12,25231,324352.8381,1554,1471,203142.6281,470.57,,,,,,,,,,,,,,
18,12,25231,324352.8381,1554,1471,203142.6281,413.12,,,,,,,,,,,,,,
19,12,25231,324352.8381,1554,1471,203142.6281,698.86,,,,,,,,,,,,,,
20,12,25231,324352.8381,1554,1471,203142.6281,542.14,,,,,,,,,,,,,,
21,12,25231,324352.8381,1554,1471,203142.6281,665.65,,,,,,,,,,,,,,
22,12,25231,324352.8381,1554,1471,203142.6281,719.75,,,,,,,,,,,,,,
23,12,25231,324352.8381,1554,1471,203142.6281,750.95,,,,,,,,,,,,,,
24,12,25231,324352.8381,1554,1471,203142.6281,745.14,,,,,,,,,,,,,,
25,12,25231,324352.8381,1554,1471,203142.6281,829.6,,,,,,,,,,,,,,
26,12,25231,324352.8381,1554,1471,203142.6281,660.88,,,,,,,,,,,,,,
27,12,25231,324352.8381,1554,1471,203142.6281,524.44,,,,,,,,,,,,,,
28,12,25231,324352.8381,1554,1471,203142.6281,322.57,,,,,,,,,,,,,,
29,12,25231,324352.8381,1554,1471,203142.6281,460.98,,,,,,,,,,,,,,
30,12,25231,324352.8381,1554,1471,203142.6281,532.92,,,,,,,,,,,,,,
31,12,25231,324352.8381,1554,1471,203142.6281,642.61,,,,,,,,,,,,,,
1,10,647,522175.7268,5265,1253,298685.5204,167.43,,,,,,,,,,,,,,
2,10,647,522175.7268,5265,1253,298685.5204,71.534,,,,,,,,,,,,,,
3,10,647,522175.7268,5265,1253,298685.5204,71.342,,,,,,,,,,,,,,
4,10,647,522175.7268,5265,1253,298685.5204,80.543,,,,,,,,,,,,,,
5,10,647,522175.7268,5265,1253,298685.5204,100.14,,,,,,,,,,,,,,
6,10,647,522175.7268,5265,1253,298685.5204,149.34,,,,,,,,,,,,,,
7,10,647,522175.7268,5265,1253,298685.5204,171.34,,,,,,,,,,,,,,
8,10,647,522175.7268,5265,1253,298685.5204,166.23,,,,,,,,,,,,,,
9,10,647,522175.7268,5265,1253,298685.5204,152.43,,,,,,,,,,,,,,
10,10,647,522175.7268,5265,1253,298685.5204,89.05,,,,,,,,,,,,,,
11,10,647,522175.7268,5265,1253,298685.5204,159.53,,,,,,,,,,,,,,
12,10,647,522175.7268,5265,1253,298685.5204,262.23,,,,,,,,,,,,,,
13,10,647,522175.7268,5265,1253,298685.5204,214.233,,,,,,,,,,,,,,
14,10,647,522175.7268,5265,1253,298685.5204,216.23,,,,,,,,,,,,,,
15,10,647,522175.7268,5265,1253,298685.5204,244.73,,,,,,,,,,,,,,
16,10,647,522175.7268,5265,1253,298685.5204,259.38,,,,,,,,,,,,,,
17,10,647,522175.7268,5265,1253,298685.5204,266.57,,,,,,,,,,,,,,
18,10,647,522175.7268,5265,1253,298685.5204,207.36,,,,,,,,,,,,,,
19,10,647,522175.7268,5265,1253,298685.5204,215.57,,,,,,,,,,,,,,
20,10,647,522175.7268,5265,1253,298685.5204,313.77,,,,,,,,,,,,,,
21,10,647,522175.7268,5265,1253,298685.5204,292.95,,,,,,,,,,,,,,
22,10,647,522175.7268,5265,1253,298685.5204,153.41,,,,,,,,,,,,,,
23,10,647,522175.7268,5265,1253,298685.5204,70.61,,,,,,,,,,,,,,
24,10,647,522175.7268,5265,1253,298685.5204,79.95,,,,,,,,,,,,,,
25,10,647,522175.7268,5265,1253,298685.5204,177.51,,,,,,,,,,,,,,
26,10,647,522175.7268,5265,1253,298685.5204,290.54,,,,,,,,,,,,,,
27,10,647,522175.7268,5265,1253,298685.5204,373.11,,,,,,,,,,,,,,
28,10,647,522175.7268,5265,1253,298685.5204,391.78,,,,,,,,,,,,,,
29,10,647,522175.7268,5265,1253,298685.5204,442.2,,,,,,,,,,,,,,
30,10,647,522175.7268,5265,1253,298685.5204,311.57,,,,,,,,,,,,,,
31,10,647,522175.7268,5265,1253,298685.5204,344.96,,,,,,,,,,,,,,
1,11,647,522175.7268,5265,1253,298685.5204,585.63,,,,,,,,,,,,,,
2,11,647,522175.7268,5265,1253,298685.5204,145.27,,,,,,,,,,,,,,
3,11,647,522175.7268,5265,1253,298685.5204,269.66,,,,,,,,,,,,,,
4,11,647,522175.7268,5265,1253,298685.5204,411.63,,,,,,,,,,,,,,
5,11,647,522175.7268,5265,1253,298685.5204,462.88,,,,,,,,,,,,,,
6,11,647,522175.7268,5265,1253,298685.5204,386.2,,,,,,,,,,,,,,
7,11,647,522175.7268,5265,1253,298685.5204,458.07,,,,,,,,,,,,,,
8,11,647,522175.7268,5265,1253,298685.5204,486.36,,,,,,,,,,,,,,
9,11,647,522175.7268,5265,1253,298685.5204,534.86,,,,,,,,,,,,,,
10,11,647,522175.7268,5265,1253,298685.5204,602.61,,,,,,,,,,,,,,
11,11,647,522175.7268,5265,1253,298685.5204,642.62,,,,,,,,,,,,,,
12,11,647,522175.7268,5265,1253,298685.5204,540.59,,,,,,,,,,,,,,
13,11,647,522175.7268,5265,1253,298685.5204,430.07,,,,,,,,,,,,,,
14,11,647,522175.7268,5265,1253,298685.5204,559.15,,,,,,,,,,,,,,
15,11,647,522175.7268,5265,1253,298685.5204,551.14,,,,,,,,,,,,,,
16,11,647,522175.7268,5265,1253,298685.5204,479.97,,,,,,,,,,,,,,
17,11,647,522175.7268,5265,1253,298685.5204,495.22,,,,,,,,,,,,,,
18,11,647,522175.7268,5265,1253,298685.5204,629.23,,,,,,,,,,,,,,
19,11,647,522175.7268,5265,1253,298685.5204,663.15,,,,,,,,,,,,,,
20,11,647,522175.7268,5265,1253,298685.5204,609.16,,,,,,,,,,,,,,
21,11,647,522175.7268,5265,1253,298685.5204,412.43,,,,,,,,,,,,,,
22,11,647,522175.7268,5265,1253,298685.5204,386.2,,,,,,,,,,,,,,
23,11,647,522175.7268,5265,1253,298685.5204,431.05,,,,,,,,,,,,,,
24,11,647,522175.7268,5265,1253,298685.5204,402.77,,,,,,,,,,,,,,
25,11,647,522175.7268,5265,1253,298685.5204,601.98,,,,,,,,,,,,,,
26,11,647,522175.7268,5265,1253,298685.5204,538.39,,,,,,,,,,,,,,
27,11,647,522175.7268,5265,1253,298685.5204,513.82,,,,,,,,,,,,,,
28,11,647,522175.7268,5265,1253,298685.5204,568.53,,,,,,,,,,,,,,
29,11,647,522175.7268,5265,1253,298685.5204,537.04,,,,,,,,,,,,,,
30,11,647,522175.7268,5265,1253,298685.5204,542.49,,,,,,,,,,,,,,
1,12,647,522175.7268,5265,1253,298685.5204,421.3,,,,,,,,,,,,,,
2,12,647,522175.7268,5265,1253,298685.5204,509.27,,,,,,,,,,,,,,
3,12,647,522175.7268,5265,1253,298685.5204,572.69,,,,,,,,,,,,,,
4,12,647,522175.7268,5265,1253,298685.5204,514.33,,,,,,,,,,,,,,
5,12,647,522175.7268,5265,1253,298685.5204,525.4,,,,,,,,,,,,,,
6,12,647,522175.7268,5265,1253,298685.5204,419.52,,,,,,,,,,,,,,
7,12,647,522175.7268,5265,1253,298685.5204,387.17,,,,,,,,,,,,,,
8,12,647,522175.7268,5265,1253,298685.5204,515.73,,,,,,,,,,,,,,
9,12,647,522175.7268,5265,1253,298685.5204,749.6,,,,,,,,,,,,,,
10,12,647,522175.7268,5265,1253,298685.5204,520.79,,,,,,,,,,,,,,
11,12,647,522175.7268,5265,1253,298685.5204,615.48,,,,,,,,,,,,,,
12,12,647,522175.7268,5265,1253,298685.5204,578.24,,,,,,,,,,,,,,
13,12,647,522175.7268,5265,1253,298685.5204,613.98,,,,,,,,,,,,,,
14,12,647,522175.7268,5265,1253,298685.5204,624.12,,,,,,,,,,,,,,
15,12,647,522175.7268,5265,1253,298685.5204,585.67,,,,,,,,,,,,,,
16,12,647,522175.7268,5265,1253,298685.5204,505.46,,,,,,,,,,,,,,
17,12,647,522175.7268,5265,1253,298685.5204,391.2,,,,,,,,,,,,,,
18,12,647,522175.7268,5265,1253,298685.5204,396.61,,,,,,,,,,,,,,
19,12,647,522175.7268,5265,1253,298685.5204,696.03,,,,,,,,,,,,,,
20,12,647,522175.7268,5265,1253,298685.5204,544.45,,,,,,,,,,,,,,
21,12,647,522175.7268,5265,1253,298685.5204,703.34,,,,,,,,,,,,,,
22,12,647,522175.7268,5265,1253,298685.5204,715.1,,,,,,,,,,,,,,
23,12,647,522175.7268,5265,1253,298685.5204,656.82,,,,,,,,,,,,,,
24,12,647,522175.7268,5265,1253,298685.5204,702.12,,,,,,,,,,,,,,
25,12,647,522175.7268,5265,1253,298685.5204,742.27,,,,,,,,,,,,,,
26,12,647,522175.7268,5265,1253,298685.5204,643.09,,,,,,,,,,,,,,
27,12,647,522175.7268,5265,1253,298685.5204,522.41,,,,,,,,,,,,,,
28,12,647,522175.7268,5265,1253,298685.5204,316.46,,,,,,,,,,,,,,
29,12,647,522175.7268,5265,1253,298685.5204,438.04,,,,,,,,,,,,,,
30,12,647,522175.7268,5265,1253,298685.5204,538.39,,,,,,,,,,,,,,
31,12,647,522175.7268,5265,1253,298685.5204,578.71,,,,,,,,,,,,,,
1,10,21035,372722.8317,1622,1854,271816.3411,148.41,,,,,,,,,,,,,,
2,10,21035,372722.8317,1622,1854,271816.3411,68.5,,,,,,,,,,,,,,
3,10,21035,372722.8317,1622,1854,271816.3411,76.73,,,,,,,,,,,,,,
4,10,21035,372722.8317,1622,1854,271816.3411,75.17,,,,,,,,,,,,,,
5,10,21035,372722.8317,1622,1854,271816.3411,72.28,,,,,,,,,,,,,,
6,10,21035,372722.8317,1622,1854,271816.3411,158.34,,,,,,,,,,,,,,
7,10,21035,372722.8317,1622,1854,271816.3411,181.18,,,,,,,,,,,,,,
8,10,21035,372722.8317,1622,1854,271816.3411,166.25,,,,,,,,,,,,,,
9,10,21035,372722.8317,1622,1854,271816.3411,134.04,,,,,,,,,,,,,,
10,10,21035,372722.8317,1622,1854,271816.3411,87.86,,,,,,,,,,,,,,
11,10,21035,372722.8317,1622,1854,271816.3411,108.23,,,,,,,,,,,,,,
12,10,21035,372722.8317,1622,1854,271816.3411,261.41,,,,,,,,,,,,,,
13,10,21035,372722.8317,1622,1854,271816.3411,197.84,,,,,,,,,,,,,,
14,10,21035,372722.8317,1622,1854,271816.3411,200.34,,,,,,,,,,,,,,
15,10,21035,372722.8317,1622,1854,271816.3411,239.97,,,,,,,,,,,,,,
16,10,21035,372722.8317,1622,1854,271816.3411,239.32,,,,,,,,,,,,,,
17,10,21035,372722.8317,1622,1854,271816.3411,344.89,,,,,,,,,,,,,,
18,10,21035,372722.8317,1622,1854,271816.3411,250.58,,,,,,,,,,,,,,
19,10,21035,372722.8317,1622,1854,271816.3411,162.6741015,,,,,,,,,,,,,,
20,10,21035,372722.8317,1622,1854,271816.3411,209.5664921,,,,,,,,,,,,,,
21,10,21035,372722.8317,1622,1854,271816.3411,245.2572322,,,,,,,,,,,,,,
22,10,21035,372722.8317,1622,1854,271816.3411,135.0804259,,,,,,,,,,,,,,
23,10,21035,372722.8317,1622,1854,271816.3411,84.32824856,,,,,,,,,,,,,,
24,10,21035,372722.8317,1622,1854,271816.3411,71.4077029,,,,,,,,,,,,,,
25,10,21035,372722.8317,1622,1854,271816.3411,172.4803111,,,,,,,,,,,,,,
26,10,21035,372722.8317,1622,1854,271816.3411,232.565562,,,,,,,,,,,,,,
27,10,21035,372722.8317,1622,1854,271816.3411,312.6480478,,,,,,,,,,,,,,
28,10,21035,372722.8317,1622,1854,271816.3411,309.146946,,,,,,,,,,,,,,
29,10,21035,372722.8317,1622,1854,271816.3411,340.971354,,,,,,,,,,,,,,
30,10,21035,372722.8317,1622,1854,271816.3411,250.8835892,,,,,,,,,,,,,,
31,10,21035,372722.8317,1622,1854,271816.3411,268.9017024,,,,,,,,,,,,,,
1,11,21035,372722.8317,1622,1854,271816.3411,468.9141644,,,,,,,,,,,,,,
2,11,21035,372722.8317,1622,1854,271816.3411,142.4078553,,,,,,,,,,,,,,
3,11,21035,372722.8317,1622,1854,271816.3411,211.4738285,,,,,,,,,,,,,,
4,11,21035,372722.8317,1622,1854,271816.3411,328.2072428,,,,,,,,,,,,,,
5,11,21035,372722.8317,1622,1854,271816.3411,385.9674923,,,,,,,,,,,,,,
6,11,21035,372722.8317,1622,1854,271816.3411,339.8764496,,,,,,,,,,,,,,
7,11,21035,372722.8317,1622,1854,271816.3411,657.49,,,,,,,,,,,,,,
8,11,21035,372722.8317,1622,1854,271816.3411,430.14,,,,,,,,,,,,,,
9,11,21035,372722.8317,1622,1854,271816.3411,490.46,,,,,,,,,,,,,,
10,11,21035,372722.8317,1622,1854,271816.3411,559.16,,,,,,,,,,,,,,
11,11,21035,372722.8317,1622,1854,271816.3411,590.75,,,,,,,,,,,,,,
12,11,21035,372722.8317,1622,1854,271816.3411,478.83,,,,,,,,,,,,,,
13,11,21035,372722.8317,1622,1854,271816.3411,399.72,,,,,,,,,,,,,,
14,11,21035,372722.8317,1622,1854,271816.3411,384.05,,,,,,,,,,,,,,
15,11,21035,372722.8317,1622,1854,271816.3411,494.59,,,,,,,,,,,,,,
16,11,21035,372722.8317,1622,1854,271816.3411,376.05,,,,,,,,,,,,,,
17,11,21035,372722.8317,1622,1854,271816.3411,507.8,,,,,,,,,,,,,,
18,11,21035,372722.8317,1622,1854,271816.3411,550.1,,,,,,,,,,,,,,
19,11,21035,372722.8317,1622,1854,271816.3411,621.2666667,,,,,,,,,,,,,,
20,11,21035,372722.8317,1622,1854,271816.3411,569.925,,,,,,,,,,,,,,
21,11,21035,372722.8317,1622,1854,271816.3411,385.8133333,,,,,,,,,,,,,,
22,11,21035,372722.8317,1622,1854,271816.3411,359.94,,,,,,,,,,,,,,
23,11,21035,372722.8317,1622,1854,271816.3411,434.545,,,,,,,,,,,,,,
24,11,21035,372722.8317,1622,1854,271816.3411,369.32,,,,,,,,,,,,,,
25,11,21035,372722.8317,1622,1854,271816.3411,554.0533333,,,,,,,,,,,,,,
26,11,21035,372722.8317,1622,1854,271816.3411,573.7683333,,,,,,,,,,,,,,
27,11,21035,372722.8317,1622,1854,271816.3411,457.6483333,,,,,,,,,,,,,,
28,11,21035,372722.8317,1622,1854,271816.3411,534.855,,,,,,,,,,,,,,
29,11,21035,372722.8317,1622,1854,271816.3411,533.8966667,,,,,,,,,,,,,,
30,11,21035,372722.8317,1622,1854,271816.3411,504.3133333,,,,,,,,,,,,,,
1,12,21035,372722.8317,1622,1854,271816.3411,579,,,,,,,,,,,,,,
2,12,21035,372722.8317,1622,1854,271816.3411,492.05,,,,,,,,,,,,,,
3,12,21035,372722.8317,1622,1854,271816.3411,538.69,,,,,,,,,,,,,,
4,12,21035,372722.8317,1622,1854,271816.3411,480.07,,,,,,,,,,,,,,
5,12,21035,372722.8317,1622,1854,271816.3411,446.98,,,,,,,,,,,,,,
6,12,21035,372722.8317,1622,1854,271816.3411,407.66,,,,,,,,,,,,,,
7,12,21035,372722.8317,1622,1854,271816.3411,360.97,,,,,,,,,,,,,,
8,12,21035,372722.8317,1622,1854,271816.3411,378.62,,,,,,,,,,,,,,
9,12,21035,372722.8317,1622,1854,271816.3411,535.77,,,,,,,,,,,,,,
10,12,21035,372722.8317,1622,1854,271816.3411,501.67,,,,,,,,,,,,,,
11,12,21035,372722.8317,1622,1854,271816.3411,523.21,,,,,,,,,,,,,,
12,12,21035,372722.8317,1622,1854,271816.3411,508.28,,,,,,,,,,,,,,
13,12,21035,372722.8317,1622,1854,271816.3411,533.21,,,,,,,,,,,,,,
14,12,21035,372722.8317,1622,1854,271816.3411,559.34,,,,,,,,,,,,,,
15,12,21035,372722.8317,1622,1854,271816.3411,620.07,,,,,,,,,,,,,,
16,12,21035,372722.8317,1622,1854,271816.3411,581.12,,,,,,,,,,,,,,
17,12,21035,372722.8317,1622,1854,271816.3411,449.75,,,,,,,,,,,,,,
18,12,21035,372722.8317,1622,1854,271816.3411,405.73,,,,,,,,,,,,,,
19,12,21035,372722.8317,1622,1854,271816.3411,546.55,,,,,,,,,,,,,,
20,12,21035,372722.8317,1622,1854,271816.3411,540.25,,,,,,,,,,,,,,
21,12,21035,372722.8317,1622,1854,271816.3411,686.64,,,,,,,,,,,,,,
22,12,21035,372722.8317,1622,1854,271816.3411,720.38,,,,,,,,,,,,,,
23,12,21035,372722.8317,1622,1854,271816.3411,641.0083333,,,,,,,,,,,,,,
24,12,21035,372722.8317,1622,1854,271816.3411,655.1508451,,,,,,,,,,,,,,
25,12,21035,372722.8317,1622,1854,271816.3411,694.8070471,,,,,,,,,,,,,,
26,12,21035,372722.8317,1622,1854,271816.3411,606.3724825,,,,,,,,,,,,,,
27,12,21035,372722.8317,1622,1854,271816.3411,466.4903736,,,,,,,,,,,,,,
28,12,21035,372722.8317,1622,1854,271816.3411,303.3998168,,,,,,,,,,,,,,
29,12,21035,372722.8317,1622,1854,271816.3411,423.4782484,,,,,,,,,,,,,,
30,12,21035,372722.8317,1622,1854,271816.3411,484.9013064,,,,,,,,,,,,,,
31,12,21035,372722.8317,1622,1854,271816.3411,575.6747699,,,,,,,,,,,,,,
1,10,9327,349920.4518,1485,1252,290190.2486,130.1922464,,,,,,,,,,,,,,
2,10,9327,349920.4518,1485,1252,290190.2486,57.99159664,,,,,,,,,,,,,,
3,10,9327,349920.4518,1485,1252,290190.2486,65.54055468,,,,,,,,,,,,,,
4,10,9327,349920.4518,1485,1252,290190.2486,64.12930136,,,,,,,,,,,,,,
5,10,9327,349920.4518,1485,1252,290190.2486,67.89915966,,,,,,,,,,,,,,
6,10,9327,349920.4518,1485,1252,290190.2486,154.6023764,,,,,,,,,,,,,,
7,10,9327,349920.4518,1485,1252,290190.2486,158.3029793,,,,,,,,,,,,,,
8,10,9327,349920.4518,1485,1252,290190.2486,142.4861936,,,,,,,,,,,,,,
9,10,9327,349920.4518,1485,1252,290190.2486,82.20677305,,,,,,,,,,,,,,
10,10,9327,349920.4518,1485,1252,290190.2486,91.71636008,,,,,,,,,,,,,,
11,10,9327,349920.4518,1485,1252,290190.2486,88.33568394,,,,,,,,,,,,,,
12,10,9327,349920.4518,1485,1252,290190.2486,243.0257037,,,,,,,,,,,,,,
13,10,9327,349920.4518,1485,1252,290190.2486,143.2359396,,,,,,,,,,,,,,
14,10,9327,349920.4518,1485,1252,290190.2486,108.3244549,,,,,,,,,,,,,,
15,10,9327,349920.4518,1485,1252,290190.2486,239.2261016,,,,,,,,,,,,,,
16,10,9327,349920.4518,1485,1252,290190.2486,174.6963297,,,,,,,,,,,,,,
17,10,9327,349920.4518,1485,1252,290190.2486,318.384106,,,,,,,,,,,,,,
18,10,9327,349920.4518,1485,1252,290190.2486,235.6560405,,,,,,,,,,,,,,
19,10,9327,349920.4518,1485,1252,290190.2486,132.5774436,,,,,,,,,,,,,,
20,10,9327,349920.4518,1485,1252,290190.2486,192.4768756,,,,,,,,,,,,,,
21,10,9327,349920.4518,1485,1252,290190.2486,239.0340077,,,,,,,,,,,,,,
22,10,9327,349920.4518,1485,1252,290190.2486,93.70239697,,,,,,,,,,,,,,
23,10,9327,349920.4518,1485,1252,290190.2486,126.3738609,,,,,,,,,,,,,,
24,10,9327,349920.4518,1485,1252,290190.2486,162.539976,,,,,,,,,,,,,,
25,10,9327,349920.4518,1485,1252,290190.2486,191.9366516,,,,,,,,,,,,,,
26,10,9327,349920.4518,1485,1252,290190.2486,187.54,,,,,,,,,,,,,,
27,10,9327,349920.4518,1485,1252,290190.2486,190.456,,,,,,,,,,,,,,
28,10,9327,349920.4518,1485,1252,290190.2486,270.1358189,,,,,,,,,,,,,,
29,10,9327,349920.4518,1485,1252,290190.2486,137.0938743,,,,,,,,,,,,,,
30,10,9327,349920.4518,1485,1252,290190.2486,150.645,,,,,,,,,,,,,,
31,10,9327,349920.4518,1485,1252,290190.2486,149.7515645,,,,,,,,,,,,,,
1,11,9327,349920.4518,1485,1252,290190.2486,237.1410833,,,,,,,,,,,,,,
2,11,9327,349920.4518,1485,1252,290190.2486,148,,,,,,,,,,,,,,
3,11,9327,349920.4518,1485,1252,290190.2486,155,,,,,,,,,,,,,,
4,11,9327,349920.4518,1485,1252,290190.2486,156.5643,,,,,,,,,,,,,,
5,11,9327,349920.4518,1485,1252,290190.2486,175,,,,,,,,,,,,,,
6,11,9327,349920.4518,1485,1252,290190.2486,180.543,,,,,,,,,,,,,,
7,11,9327,349920.4518,1485,1252,290190.2486,187.1945108,,,,,,,,,,,,,,
8,11,9327,349920.4518,1485,1252,290190.2486,221.4085619,,,,,,,,,,,,,,
9,11,9327,349920.4518,1485,1252,290190.2486,205.8431034,,,,,,,,,,,,,,
10,11,9327,349920.4518,1485,1252,290190.2486,179.4246359,,,,,,,,,,,,,,
11,11,9327,349920.4518,1485,1252,290190.2486,229.34842,,,,,,,,,,,,,,
12,11,9327,349920.4518,1485,1252,290190.2486,198.8993436,,,,,,,,,,,,,,
13,11,9327,349920.4518,1485,1252,290190.2486,221.5315474,,,,,,,,,,,,,,
14,11,9327,349920.4518,1485,1252,290190.2486,255.603648,,,,,,,,,,,,,,
15,11,9327,349920.4518,1485,1252,290190.2486,266.6584537,,,,,,,,,,,,,,
16,11,9327,349920.4518,1485,1252,290190.2486,273.2552814,,,,,,,,,,,,,,
17,11,9327,349920.4518,1485,1252,290190.2486,229.0106578,,,,,,,,,,,,,,
18,11,9327,349920.4518,1485,1252,290190.2486,182.2533484,,,,,,,,,,,,,,
19,11,9327,349920.4518,1485,1252,290190.2486,243.1849616,,,,,,,,,,,,,,
20,11,9327,349920.4518,1485,1252,290190.2486,250.3882202,,,,,,,,,,,,,,
21,11,9327,349920.4518,1485,1252,290190.2486,363.6542282,,,,,,,,,,,,,,
22,11,9327,349920.4518,1485,1252,290190.2486,328.5811667,,,,,,,,,,,,,,
23,11,9327,349920.4518,1485,1252,290190.2486,384.5565178,,,,,,,,,,,,,,
24,11,9327,349920.4518,1485,1252,290190.2486,340.6081355,,,,,,,,,,,,,,
25,11,9327,349920.4518,1485,1252,290190.2486,554.0533333,,,,,,,,,,,,,,
26,11,9327,349920.4518,1485,1252,290190.2486,573.7683333,,,,,,,,,,,,,,
27,11,9327,349920.4518,1485,1252,290190.2486,457.6483333,,,,,,,,,,,,,,
28,11,9327,349920.4518,1485,1252,290190.2486,534.855,,,,,,,,,,,,,,
29,11,9327,349920.4518,1485,1252,290190.2486,533.8966667,,,,,,,,,,,,,,
30,11,9327,349920.4518,1485,1252,290190.2486,504.3133333,,,,,,,,,,,,,,
1,12,9327,349920.4518,1485,1252,290190.2486,505.0942857,,,,,,,,,,,,,,
2,12,9327,349920.4518,1485,1252,290190.2486,472.6414286,,,,,,,,,,,,,,
3,12,9327,349920.4518,1485,1252,290190.2486,525.0171429,,,,,,,,,,,,,,
4,12,9327,349920.4518,1485,1252,290190.2486,472.1183333,,,,,,,,,,,,,,
5,12,9327,349920.4518,1485,1252,290190.2486,450.9557143,,,,,,,,,,,,,,
6,12,9327,349920.4518,1485,1252,290190.2486,379.9028571,,,,,,,,,,,,,,
7,12,9327,349920.4518,1485,1252,290190.2486,377.5428571,,,,,,,,,,,,,,
8,12,9327,349920.4518,1485,1252,290190.2486,442.83,,,,,,,,,,,,,,
9,12,9327,349920.4518,1485,1252,290190.2486,629.9016667,,,,,,,,,,,,,,
10,12,9327,349920.4518,1485,1252,290190.2486,443.0057143,,,,,,,,,,,,,,
11,12,9327,349920.4518,1485,1252,290190.2486,528.0442857,,,,,,,,,,,,,,
12,12,9327,349920.4518,1485,1252,290190.2486,535.6828571,,,,,,,,,,,,,,
13,12,9327,349920.4518,1485,1252,290190.2486,584.7114286,,,,,,,,,,,,,,
14,12,9327,349920.4518,1485,1252,290190.2486,600.7714286,,,,,,,,,,,,,,
15,12,9327,349920.4518,1485,1252,290190.2486,621.9728571,,,,,,,,,,,,,,
16,12,9327,349920.4518,1485,1252,290190.2486,546.6557143,,,,,,,,,,,,,,
17,12,9327,349920.4518,1485,1252,290190.2486,431.2571429,,,,,,,,,,,,,,
18,12,9327,349920.4518,1485,1252,290190.2486,402.2114286,,,,,,,,,,,,,,
19,12,9327,349920.4518,1485,1252,290190.2486,610.5157143,,,,,,,,,,,,,,
20,12,9327,349920.4518,1485,1252,290190.2486,547.1071429,,,,,,,,,,,,,,
21,12,9327,349920.4518,1485,1252,290190.2486,645.1957143,,,,,,,,,,,,,,
22,12,9327,349920.4518,1485,1252,290190.2486,685.6328571,,,,,,,,,,,,,,
23,12,9327,349920.4518,1485,1252,290190.2486,641.0083333,,,,,,,,,,,,,,
24,12,9327,349920.4518,1485,1252,290190.2486,602.5059154,,,,,,,,,,,,,,
25,12,9327,349920.4518,1485,1252,290190.2486,651.1093295,,,,,,,,,,,,,,
26,12,9327,349920.4518,1485,1252,290190.2486,575.5773776,,,,,,,,,,,,,,
27,12,9327,349920.4518,1485,1252,290190.2486,438.7226154,,,,,,,,,,,,,,
28,12,9327,349920.4518,1485,1252,290190.2486,283.8087174,,,,,,,,,,,,,,
29,12,9327,349920.4518,1485,1252,290190.2486,387.2777389,,,,,,,,,,,,,,
30,12,9327,349920.4518,1485,1252,290190.2486,447.6691451,,,,,,,,,,,,,,
31,12,9327,349920.4518,1485,1252,290190.2486,532.2933894,,,,,,,,,,,,,,
1,10,4483,562076.6877,4160,1473,235460.2374,134.2634529,,,,,,,,,,,,,,
2,10,4483,562076.6877,4160,1473,235460.2374,107.7599075,,,,,,,,,,,,,,
3,10,4483,562076.6877,4160,1473,235460.2374,87.41471021,,,,,,,,,,,,,,
4,10,4483,562076.6877,4160,1473,235460.2374,155.5768694,,,,,,,,,,,,,,
5,10,4483,562076.6877,4160,1473,235460.2374,202.8568004,,,,,,,,,,,,,,
6,10,4483,562076.6877,4160,1473,235460.2374,218.9062474,,,,,,,,,,,,,,
7,10,4483,562076.6877,4160,1473,235460.2374,186.7628644,,,,,,,,,,,,,,
8,10,4483,562076.6877,4160,1473,235460.2374,192.696,,,,,,,,,,,,,,
9,10,4483,562076.6877,4160,1473,235460.2374,134.46,,,,,,,,,,,,,,
10,10,4483,562076.6877,4160,1473,235460.2374,156.3405362,,,,,,,,,,,,,,
11,10,4483,562076.6877,4160,1473,235460.2374,258.2834123,,,,,,,,,,,,,,
12,10,4483,562076.6877,4160,1473,235460.2374,273.7172788,,,,,,,,,,,,,,
13,10,4483,562076.6877,4160,1473,235460.2374,322.6529067,,,,,,,,,,,,,,
14,10,4483,562076.6877,4160,1473,235460.2374,273.3530202,,,,,,,,,,,,,,
15,10,4483,562076.6877,4160,1473,235460.2374,351.1353264,,,,,,,,,,,,,,
16,10,4483,562076.6877,4160,1473,235460.2374,474.3092339,,,,,,,,,,,,,,
17,10,4483,562076.6877,4160,1473,235460.2374,287.2465099,,,,,,,,,,,,,,
18,10,4483,562076.6877,4160,1473,235460.2374,314.6953046,,,,,,,,,,,,,,
19,10,4483,562076.6877,4160,1473,235460.2374,316.9829423,,,,,,,,,,,,,,
20,10,4483,562076.6877,4160,1473,235460.2374,350.9910681,,,,,,,,,,,,,,
21,10,4483,562076.6877,4160,1473,235460.2374,317.0647987,,,,,,,,,,,,,,
22,10,4483,562076.6877,4160,1473,235460.2374,158.9076654,,,,,,,,,,,,,,
23,10,4483,562076.6877,4160,1473,235460.2374,116.6626665,,,,,,,,,,,,,,
24,10,4483,562076.6877,4160,1473,235460.2374,240.5310709,,,,,,,,,,,,,,
25,10,4483,562076.6877,4160,1473,235460.2374,350.4581348,,,,,,,,,,,,,,
26,10,4483,562076.6877,4160,1473,235460.2374,612.564512,,,,,,,,,,,,,,
27,10,4483,562076.6877,4160,1473,235460.2374,608.4699096,,,,,,,,,,,,,,
28,10,4483,562076.6877,4160,1473,235460.2374,532.7269648,,,,,,,,,,,,,,
29,10,4483,562076.6877,4160,1473,235460.2374,328.6194982,,,,,,,,,,,,,,
30,10,4483,562076.6877,4160,1473,235460.2374,576.6401058,,,,,,,,,,,,,,
31,10,4483,562076.6877,4160,1473,235460.2374,724.3999253,,,,,,,,,,,,,,
1,11,4483,562076.6877,4160,1473,235460.2374,376.0118651,,,,,,,,,,,,,,
2,11,4483,562076.6877,4160,1473,235460.2374,496.2589216,,,,,,,,,,,,,,
3,11,4483,562076.6877,4160,1473,235460.2374,482.7275068,,,,,,,,,,,,,,
4,11,4483,562076.6877,4160,1473,235460.2374,585.6388527,,,,,,,,,,,,,,
5,11,4483,562076.6877,4160,1473,235460.2374,680.9473107,,,,,,,,,,,,,,
6,11,4483,562076.6877,4160,1473,235460.2374,628.1392222,,,,,,,,,,,,,,
7,11,4483,562076.6877,4160,1473,235460.2374,641.3962786,,,,,,,,,,,,,,
8,11,4483,562076.6877,4160,1473,235460.2374,680.0099487,,,,,,,,,,,,,,
9,11,4483,562076.6877,4160,1473,235460.2374,644.1910325,,,,,,,,,,,,,,
10,11,4483,562076.6877,4160,1473,235460.2374,706.5343558,,,,,,,,,,,,,,
11,11,4483,562076.6877,4160,1473,235460.2374,742.3063009,,,,,,,,,,,,,,
12,11,4483,562076.6877,4160,1473,235460.2374,721.5638374,,,,,,,,,,,,,,
13,11,4483,562076.6877,4160,1473,235460.2374,679.9039944,,,,,,,,,,,,,,
14,11,4483,562076.6877,4160,1473,235460.2374,577.8869549,,,,,,,,,,,,,,
15,11,4483,562076.6877,4160,1473,235460.2374,683.1624247,,,,,,,,,,,,,,
16,11,4483,562076.6877,4160,1473,235460.2374,613.1323907,,,,,,,,,,,,,,
17,11,4483,562076.6877,4160,1473,235460.2374,710.0323779,,,,,,,,,,,,,,
18,11,4483,562076.6877,4160,1473,235460.2374,735.8847652,,,,,,,,,,,,,,
19,11,4483,562076.6877,4160,1473,235460.2374,815.6350899,,,,,,,,,,,,,,
20,11,4483,562076.6877,4160,1473,235460.2374,370.0812216,,,,,,,,,,,,,,
21,11,4483,562076.6877,4160,1473,235460.2374,303.7333996,,,,,,,,,,,,,,
22,11,4483,562076.6877,4160,1473,235460.2374,273.5892449,,,,,,,,,,,,,,
23,11,4483,562076.6877,4160,1473,235460.2374,293.602551,,,,,,,,,,,,,,
24,11,4483,562076.6877,4160,1473,235460.2374,307.2715235,,,,,,,,,,,,,,
25,11,4483,562076.6877,4160,1473,235460.2374,554.0533333,,,,,,,,,,,,,,
26,11,4483,562076.6877,4160,1473,235460.2374,573.7683333,,,,,,,,,,,,,,
27,11,4483,562076.6877,4160,1473,235460.2374,457.6483333,,,,,,,,,,,,,,
28,11,4483,562076.6877,4160,1473,235460.2374,534.855,,,,,,,,,,,,,,
29,11,4483,562076.6877,4160,1473,235460.2374,533.8966667,,,,,,,,,,,,,,
30,11,4483,562076.6877,4160,1473,235460.2374,504.3133333,,,,,,,,,,,,,,
1,12,4483,562076.6877,4160,1473,235460.2374,505.0942857,,,,,,,,,,,,,,
2,12,4483,562076.6877,4160,1473,235460.2374,472.6414286,,,,,,,,,,,,,,
3,12,4483,562076.6877,4160,1473,235460.2374,525.0171429,,,,,,,,,,,,,,
4,12,4483,562076.6877,4160,1473,235460.2374,472.1183333,,,,,,,,,,,,,,
5,12,4483,562076.6877,4160,1473,235460.2374,450.9557143,,,,,,,,,,,,,,
6,12,4483,562076.6877,4160,1473,235460.2374,379.9028571,,,,,,,,,,,,,,
7,12,4483,562076.6877,4160,1473,235460.2374,377.5428571,,,,,,,,,,,,,,
8,12,4483,562076.6877,4160,1473,235460.2374,442.83,,,,,,,,,,,,,,
9,12,4483,562076.6877,4160,1473,235460.2374,629.9016667,,,,,,,,,,,,,,
10,12,4483,562076.6877,4160,1473,235460.2374,443.0057143,,,,,,,,,,,,,,
11,12,4483,562076.6877,4160,1473,235460.2374,528.0442857,,,,,,,,,,,,,,
12,12,4483,562076.6877,4160,1473,235460.2374,535.6828571,,,,,,,,,,,,,,
13,12,4483,562076.6877,4160,1473,235460.2374,584.7114286,,,,,,,,,,,,,,
14,12,4483,562076.6877,4160,1473,235460.2374,600.7714286,,,,,,,,,,,,,,
15,12,4483,562076.6877,4160,1473,235460.2374,621.9728571,,,,,,,,,,,,,,
16,12,4483,562076.6877,4160,1473,235460.2374,546.6557143,,,,,,,,,,,,,,
17,12,4483,562076.6877,4160,1473,235460.2374,431.2571429,,,,,,,,,,,,,,
18,12,4483,562076.6877,4160,1473,235460.2374,402.2114286,,,,,,,,,,,,,,
19,12,4483,562076.6877,4160,1473,235460.2374,610.5157143,,,,,,,,,,,,,,
20,12,4483,562076.6877,4160,1473,235460.2374,547.1071429,,,,,,,,,,,,,,
21,12,4483,562076.6877,4160,1473,235460.2374,645.1957143,,,,,,,,,,,,,,
22,12,4483,562076.6877,4160,1473,235460.2374,685.6328571,,,,,,,,,,,,,,
23,12,4483,562076.6877,4160,1473,235460.2374,641.0083333,,,,,,,,,,,,,,
24,12,4483,562076.6877,4160,1473,235460.2374,655.1508451,,,,,,,,,,,,,,
25,12,4483,562076.6877,4160,1473,235460.2374,694.8070471,,,,,,,,,,,,,,
26,12,4483,562076.6877,4160,1473,235460.2374,606.3724825,,,,,,,,,,,,,,
27,12,4483,562076.6877,4160,1473,235460.2374,466.4903736,,,,,,,,,,,,,,
28,12,4483,562076.6877,4160,1473,235460.2374,303.3998168,,,,,,,,,,,,,,
29,12,4483,562076.6877,4160,1473,235460.2374,423.4782484,,,,,,,,,,,,,,
30,12,4483,562076.6877,4160,1473,235460.2374,484.9013064,,,,,,,,,,,,,,
31,12,4483,562076.6877,4160,1473,235460.2374,575.6747699,,,,,,,,,,,,,,
1,10,21035,372722.8317,1622,1854,271816.3411,144.9909584,,,,,,,,,,,,,,
2,10,21035,372722.8317,1622,1854,271816.3411,120.3880071,,,,,,,,,,,,,,
3,10,21035,372722.8317,1622,1854,271816.3411,95.61904762,,,,,,,,,,,,,,
4,10,21035,372722.8317,1622,1854,271816.3411,114.4401504,,,,,,,,,,,,,,
5,10,21035,372722.8317,1622,1854,271816.3411,147.2588055,,,,,,,,,,,,,,
6,10,21035,372722.8317,1622,1854,271816.3411,183.518797,,,,,,,,,,,,,,
7,10,21035,372722.8317,1622,1854,271816.3411,201.8719212,,,,,,,,,,,,,,
8,10,21035,372722.8317,1622,1854,271816.3411,204.5391049,,,,,,,,,,,,,,
9,10,21035,372722.8317,1622,1854,271816.3411,209.0037887,,,,,,,,,,,,,,
10,10,21035,372722.8317,1622,1854,271816.3411,162.207828,,,,,,,,,,,,,,
11,10,21035,372722.8317,1622,1854,271816.3411,167.9792522,,,,,,,,,,,,,,
12,10,21035,372722.8317,1622,1854,271816.3411,302.8032345,,,,,,,,,,,,,,
13,10,21035,372722.8317,1622,1854,271816.3411,264.4247405,,,,,,,,,,,,,,
14,10,21035,372722.8317,1622,1854,271816.3411,299.8086908,,,,,,,,,,,,,,
15,10,21035,372722.8317,1622,1854,271816.3411,289.5972772,,,,,,,,,,,,,,
16,10,21035,372722.8317,1622,1854,271816.3411,276.0184097,,,,,,,,,,,,,,
17,10,21035,372722.8317,1622,1854,271816.3411,324.2150405,,,,,,,,,,,,,,
18,10,21035,372722.8317,1622,1854,271816.3411,239.819746,,,,,,,,,,,,,,
19,10,21035,372722.8317,1622,1854,271816.3411,263.0173678,,,,,,,,,,,,,,
20,10,21035,372722.8317,1622,1854,271816.3411,287.2030268,,,,,,,,,,,,,,
21,10,21035,372722.8317,1622,1854,271816.3411,356.6949656,,,,,,,,,,,,,,
22,10,21035,372722.8317,1622,1854,271816.3411,173.3552067,,,,,,,,,,,,,,
23,10,21035,372722.8317,1622,1854,271816.3411,70.66770964,,,,,,,,,,,,,,
24,10,21035,372722.8317,1622,1854,271816.3411,80.4197472,,,,,,,,,,,,,,
25,10,21035,372722.8317,1622,1854,271816.3411,196.9103086,,,,,,,,,,,,,,
26,10,21035,372722.8317,1622,1854,271816.3411,310.1756611,,,,,,,,,,,,,,
27,10,21035,372722.8317,1622,1854,271816.3411,430.114426,,,,,,,,,,,,,,
28,10,21035,372722.8317,1622,1854,271816.3411,460.8996384,,,,,,,,,,,,,,
29,10,21035,372722.8317,1622,1854,271816.3411,467.93644,,,,,,,,,,,,,,
30,10,21035,372722.8317,1622,1854,271816.3411,350.6453185,,,,,,,,,,,,,,
31,10,21035,372722.8317,1622,1854,271816.3411,376.3113452,,,,,,,,,,,,,,
1,11,21035,372722.8317,1622,1854,271816.3411,762.7935924,,,,,,,,,,,,,,
2,11,21035,372722.8317,1622,1854,271816.3411,161.0112372,,,,,,,,,,,,,,
3,11,21035,372722.8317,1622,1854,271816.3411,216.2721088,,,,,,,,,,,,,,
4,11,21035,372722.8317,1622,1854,271816.3411,444.0943762,,,,,,,,,,,,,,
5,11,21035,372722.8317,1622,1854,271816.3411,639.6113257,,,,,,,,,,,,,,
6,11,21035,372722.8317,1622,1854,271816.3411,428.2308713,,,,,,,,,,,,,,
7,11,21035,372722.8317,1622,1854,271816.3411,539.7385092,,,,,,,,,,,,,,
8,11,21035,372722.8317,1622,1854,271816.3411,461.0388624,,,,,,,,,,,,,,
9,11,21035,372722.8317,1622,1854,271816.3411,505.8680057,,,,,,,,,,,,,,
10,11,21035,372722.8317,1622,1854,271816.3411,614.5492346,,,,,,,,,,,,,,
11,11,21035,372722.8317,1622,1854,271816.3411,632.8117704,,,,,,,,,,,,,,
12,11,21035,372722.8317,1622,1854,271816.3411,519.2648909,,,,,,,,,,,,,,
13,11,21035,372722.8317,1622,1854,271816.3411,505.8433137,,,,,,,,,,,,,,
14,11,21035,372722.8317,1622,1854,271816.3411,448.1002336,,,,,,,,,,,,,,
15,11,21035,372722.8317,1622,1854,271816.3411,566.2706503,,,,,,,,,,,,,,
16,11,21035,372722.8317,1622,1854,271816.3411,412.2018349,,,,,,,,,,,,,,
17,11,21035,372722.8317,1622,1854,271816.3411,636.0945474,,,,,,,,,,,,,,
18,11,21035,372722.8317,1622,1854,271816.3411,570.6279389,,,,,,,,,,,,,,
19,11,21035,372722.8317,1622,1854,271816.3411,607.5871642,,,,,,,,,,,,,,
20,11,21035,372722.8317,1622,1854,271816.3411,618.1573903,,,,,,,,,,,,,,
21,11,21035,372722.8317,1622,1854,271816.3411,536.9226417,,,,,,,,,,,,,,
22,11,21035,372722.8317,1622,1854,271816.3411,528.122511,,,,,,,,,,,,,,
23,11,21035,372722.8317,1622,1854,271816.3411,502.3644382,,,,,,,,,,,,,,
24,11,21035,372722.8317,1622,1854,271816.3411,518.8850889,,,,,,,,,,,,,,
25,11,21035,372722.8317,1622,1854,271816.3411,552.1,,,,,,,,,,,,,,
26,11,21035,372722.8317,1622,1854,271816.3411,580.54,,,,,,,,,,,,,,
27,11,21035,372722.8317,1622,1854,271816.3411,441.83,,,,,,,,,,,,,,
28,11,21035,372722.8317,1622,1854,271816.3411,517.3966667,,,,,,,,,,,,,,
29,11,21035,372722.8317,1622,1854,271816.3411,537.7466667,,,,,,,,,,,,,,
30,11,21035,372722.8317,1622,1854,271816.3411,503.9633333,,,,,,,,,,,,,,
1,12,21035,372722.8317,1622,1854,271816.3411,502.2266667,,,,,,,,,,,,,,
2,12,21035,372722.8317,1622,1854,271816.3411,449.11,,,,,,,,,,,,,,
3,12,21035,372722.8317,1622,1854,271816.3411,500.84,,,,,,,,,,,,,,
4,12,21035,372722.8317,1622,1854,271816.3411,445.5566667,,,,,,,,,,,,,,
5,12,21035,372722.8317,1622,1854,271816.3411,434.9566667,,,,,,,,,,,,,,
6,12,21035,372722.8317,1622,1854,271816.3411,339.5866667,,,,,,,,,,,,,,
7,12,21035,372722.8317,1622,1854,271816.3411,403.0233333,,,,,,,,,,,,,,
8,12,21035,372722.8317,1622,1854,271816.3411,442.55,,,,,,,,,,,,,,
9,12,21035,372722.8317,1622,1854,271816.3411,631.0266667,,,,,,,,,,,,,,
10,12,21035,372722.8317,1622,1854,271816.3411,414.5666667,,,,,,,,,,,,,,
11,12,21035,372722.8317,1622,1854,271816.3411,492.34,,,,,,,,,,,,,,
12,12,21035,372722.8317,1622,1854,271816.3411,544.4366667,,,,,,,,,,,,,,
13,12,21035,372722.8317,1622,1854,271816.3411,596.67,,,,,,,,,,,,,,
14,12,21035,372722.8317,1622,1854,271816.3411,599.02,,,,,,,,,,,,,,
15,12,21035,372722.8317,1622,1854,271816.3411,602.8033333,,,,,,,,,,,,,,
16,12,21035,372722.8317,1622,1854,271816.3411,507.6166667,,,,,,,,,,,,,,
17,12,21035,372722.8317,1622,1854,271816.3411,423.1533333,,,,,,,,,,,,,,
18,12,21035,372722.8317,1622,1854,271816.3411,399.0466667,,,,,,,,,,,,,,
19,12,21035,372722.8317,1622,1854,271816.3411,594.7366667,,,,,,,,,,,,,,
20,12,21035,372722.8317,1622,1854,271816.3411,561.2033333,,,,,,,,,,,,,,
21,12,21035,372722.8317,1622,1854,271816.3411,630.83,,,,,,,,,,,,,,
22,12,21035,372722.8317,1622,1854,271816.3411,692.42,,,,,,,,,,,,,,
23,12,21035,372722.8317,1622,1854,271816.3411,643.22,,,,,,,,,,,,,,
24,12,21035,372722.8317,1622,1854,271816.3411,665.66,,,,,,,,,,,,,,
25,12,21035,372722.8317,1622,1854,271816.3411,675.9266667,,,,,,,,,,,,,,
26,12,21035,372722.8317,1622,1854,271816.3411,625.4466667,,,,,,,,,,,,,,
27,12,21035,372722.8317,1622,1854,271816.3411,452.7533333,,,,,,,,,,,,,,
28,12,21035,372722.8317,1622,1854,271816.3411,283.7933333,,,,,,,,,,,,,,
29,12,21035,372722.8317,1622,1854,271816.3411,440.8333333,,,,,,,,,,,,,,
30,12,21035,372722.8317,1622,1854,271816.3411,496.91,,,,,,,,,,,,,,
31,12,21035,372722.8317,1622,1854,271816.3411,587.2866667,,,,,,,,,,,,,,
